{
  "cam_id_left": 2,
  "cam_id_right": 3,
  "homo_left": [
    [
      0.004062798450561525,
      1.033210398565624,
      -8.726015784633394e-06
    ],
    [
      -1.0110300895789912,
      0.0015982683326359142,
      4119.45446149098
    ],
    [
      5.391753785724088e-06,
      6.056346167290484e-06,
      0.9784383766108894
    ]
  ],
  "homo_right": [
    [
      -0.03952645651697831,
      -1.0543785414391518,
      5899.875534637735
    ],
    [
      0.9953195073912018,
      -0.02063224637761532,
      61.896753866451434
    ],
    [
      -8.101845715868551e-06,
      -1.0114096565394415e-05,
      1.0303321755996178
    ]
  ],
  "origin": [
    258.5295715332031,
    347.6017761230469
  ],
  "ratio_px_mm": 0.0629253529565391,
  "size_left": [
    4000,
    3000
  ],
  "size_right": [
    4000,
    3000
  ]
}