{
  "cam_id_left": 2,
  "cam_id_right": 3,
  "homo_left": [
    [
      0.003959370079581152,
      1.0380621501188898,
      4.339929049679541e-06
    ],
    [
      -1.0129604899228914,
      0.0009563146690971232,
      4160.54709717659
    ],
    [
      5.91140338397255e-06,
      6.510466274573967e-06,
      0.9763602978674937
    ]
  ],
  "homo_right": [
    [
      -0.03889701196387066,
      -1.0549553705836994,
      5879.1677143564475
    ],
    [
      0.9962862591280573,
      -0.022440068042141985,
      67.32020188997244
    ],
    [
      -8.005346102691522e-06,
      -1.037461012411503e-05,
      1.0311134557622208
    ]
  ],
  "origin": [
    32.37602615356445,
    387.18212890625
  ],
  "ratio_px_mm": 0.06295360533691649,
  "size_left": [
    4000,
    3000
  ],
  "size_right": [
    4000,
    3000
  ]
}