{
  "cam_id_left": 2,
  "cam_id_right": 3,
  "homo_left": [
    [
      6.123233995736766e-17,
      1.0,
      0.0
    ],
    [
      -1.0,
      6.123233995736766e-17,
      4020.339698791504
    ],
    [
      0.0,
      0.0,
      1.0
    ]
  ],
  "homo_right": [
    [
      -0.04404705461691658,
      -1.0047697103393405,
      5722.522735358298
    ],
    [
      1.0047697103393405,
      -0.04404705461691658,
      132.14116438886333
    ],
    [
      0.0,
      0.0,
      1.0
    ]
  ],
  "origin": [
    19.986610412597656,
    462.5503234863281
  ],
  "ratio_px_mm": 0.06432360337439608,
  "size_left": [
    4000,
    3000
  ],
  "size_right": [
    4000,
    3000
  ]
}