{
  "cam_id_left": 2,
  "cam_id_right": 3,
  "homo_left": [
    [
      6.123233995736766e-17,
      1.0,
      0.0
    ],
    [
      -1.0,
      6.123233995736766e-17,
      4078.5604705810547
    ],
    [
      0.0,
      0.0,
      1.0
    ]
  ],
  "homo_right": [
    [
      -0.05445915549445173,
      -1.0094917226924343,
      5835.502040065596
    ],
    [
      1.0094917226924343,
      -0.05445915549445173,
      163.37746391324933
    ],
    [
      0.0,
      0.0,
      1.0
    ]
  ],
  "origin": [
    15.69425106048584,
    523.4288330078125
  ],
  "ratio_px_mm": 0.06432989869384051,
  "size_left": [
    4000,
    3000
  ],
  "size_right": [
    4000,
    3000
  ]
}