{
  "cam_id_left": 2,
  "cam_id_right": 3,
  "homo_left": [
    [
      6.123233995736766e-17,
      1.0,
      0.0
    ],
    [
      -1.0,
      6.123233995736766e-17,
      4046.8417053222656
    ],
    [
      0.0,
      0.0,
      1.0
    ]
  ],
  "homo_right": [
    [
      -0.03713314714828544,
      -1.0006628607137347,
      5693.5661311191525
    ],
    [
      1.0006628607137347,
      -0.03713314714828544,
      111.39944244965929
    ],
    [
      0.0,
      0.0,
      1.0
    ]
  ],
  "origin": [
    6.395163059234619,
    479.80645751953125
  ],
  "ratio_px_mm": 0.0641324954055712,
  "size_left": [
    4000,
    3000
  ],
  "size_right": [
    4000,
    3000
  ]
}
