{
  "cam_id_left": 2,
  "cam_id_right": 3,
  "homo_left": [
    [
      0.018712007418209078,
      1.0330898418927579,
      -2.655629416504479e-06
    ],
    [
      -1.0142806382168998,
      0.013176874258160633,
      4057.1225538848703
    ],
    [
      4.551707833310804e-06,
      4.836078112856572e-06,
      0.98179772037459
    ]
  ],
  "homo_right": [
    [
      -0.03237693584786873,
      -1.0620030220289696,
      5676.041253216439
    ],
    [
      1.0039897103468187,
      -0.025436997114513152,
      82.25079630743421
    ],
    [
      -6.8271588210499725e-06,
      -1.1066798552397194e-05,
      1.0331893288586391
    ]
  ],
  "origin": [
    111.7499771118164,
    410.85699462890625
  ],
  "ratio_px_mm": 0.06295839247228444,
  "size_left": [
    4000,
    3000
  ],
  "size_right": [
    4000,
    3000
  ]
}