{
  "cam_id_left": 2,
  "cam_id_right": 3,
  "homo_left": [
    [
      0.003571512345726039,
      1.0276036337849555,
      -1.3877001369676809e-05
    ],
    [
      -1.0035870075380513,
      -0.0011569160183313597,
      4113.294403398912
    ],
    [
      5.684147215348042e-06,
      4.7060634471853145e-06,
      0.9772690952858232
    ]
  ],
  "homo_right": [
    [
      -0.03666011911923697,
      -1.0441679478202512,
      5838.440736531993
    ],
    [
      0.9907128621895882,
      -0.018540690365638057,
      55.62206629283512
    ],
    [
      -7.855038178036377e-06,
      -8.464115289482805e-06,
      1.0253838817531589
    ]
  ],
  "origin": [
    124.41409301757812,
    362.3544921875
  ],
  "ratio_px_mm": 0.06277180853781054,
  "size_left": [
    4000,
    3000
  ],
  "size_right": [
    4000,
    3000
  ]
}