{
  "cam_id_left": 2,
  "cam_id_right": 3,
  "homo_left": [
    [
      6.123233995736766e-17,
      1.0,
      0.0
    ],
    [
      -1.0,
      6.123233995736766e-17,
      4023.1030807495117
    ],
    [
      0.0,
      0.0,
      1.0
    ]
  ],
  "homo_right": [
    [
      -0.04294670778837573,
      -1.0188548111268323,
      5742.464450851446
    ],
    [
      1.0188548111268323,
      -0.04294670778837573,
      128.84012266805155
    ],
    [
      0.0,
      0.0,
      1.0
    ]
  ],
  "origin": [
    20.322877883911133,
    464.219970703125
  ],
  "ratio_px_mm": 0.06423645164926282,
  "size_left": [
    4000,
    3000
  ],
  "size_right": [
    4000,
    3000
  ]
}