{
  "cam_id_left": 2,
  "cam_id_right": 3,
  "homo_left": [
    [
      6.123233995736766e-17,
      1.0,
      0.0
    ],
    [
      -1.0,
      6.123233995736766e-17,
      4018.333875656128
    ],
    [
      0.0,
      0.0,
      1.0
    ]
  ],
  "homo_right": [
    [
      -0.038900371920119164,
      -1.0086669845540843,
      5735.030331654054
    ],
    [
      1.0086669845540843,
      -0.038900371920119164,
      116.70111545594011
    ],
    [
      0.0,
      0.0,
      1.0
    ]
  ],
  "origin": [
    35.01444625854492,
    459.25677490234375
  ],
  "ratio_px_mm": 0.06428571318122771,
  "size_left": [
    4000,
    3000
  ],
  "size_right": [
    4000,
    3000
  ]
}