{
  "cam_id_left": 2,
  "cam_id_right": 3,
  "homo_left": [
    [
      0.0036599328458389426,
      1.0326835272238706,
      6.438280808637216e-06
    ],
    [
      -1.0098362264685758,
      0.002076548347283402,
      4114.302350468977
    ],
    [
      5.644650055258858e-06,
      6.47217327038976e-06,
      0.9774270444290198
    ]
  ],
  "homo_right": [
    [
      -0.04064613376990826,
      -1.0536716265650474,
      5899.461387498423
    ],
    [
      0.9935875723232741,
      -0.02058930748314772,
      61.76792081905108
    ],
    [
      -8.312560236176365e-06,
      -9.777728850857497e-06,
      1.0293234088237215
    ]
  ],
  "origin": [
    255.06907653808594,
    345.16998291015625
  ],
  "ratio_px_mm": 0.06279837341815211,
  "size_left": [
    4000,
    3000
  ],
  "size_right": [
    4000,
    3000
  ]
}