{
  "cam_id_left": 2,
  "cam_id_right": 3,
  "homo_left": [
    [
      0.004395561511753855,
      1.033091938194989,
      4.394849631301402e-07
    ],
    [
      -1.0089883848563164,
      0.0005248833904163812,
      4140.096469958003
    ],
    [
      6.239086380189742e-06,
      6.302116348383244e-06,
      0.9750498935656212
    ]
  ],
  "homo_right": [
    [
      -0.03823401822288797,
      -1.0514210319399986,
      5848.717085902146
    ],
    [
      0.9933184963824463,
      -0.020904278159012555,
      62.712838640839905
    ],
    [
      -8.11154415069567e-06,
      -1.0151210309650783e-05,
      1.0304434797186428
    ]
  ],
  "origin": [
    24.85638427734375,
    385.56793212890625
  ],
  "ratio_px_mm": 0.06332889162567697,
  "size_left": [
    4000,
    3000
  ],
  "size_right": [
    4000,
    3000
  ]
}