{
  "cam_id_left": 2,
  "cam_id_right": 3,
  "homo_left": [
    [
      0.002858819377029868,
      1.0271157167199925,
      1.0888932331541924e-06
    ],
    [
      -1.0060388034256793,
      -0.0021299748248942655,
      4127.119487193391
    ],
    [
      5.465756560817018e-06,
      4.000652987494246e-06,
      0.9781424395132927
    ]
  ],
  "homo_right": [
    [
      -0.034517454643657866,
      -1.0494197128941278,
      5851.483772607254
    ],
    [
      0.9967594307772946,
      -0.020030450102220498,
      60.09134548804348
    ],
    [
      -7.2347835197320006e-06,
      -8.961178313602712e-06,
      1.0268745737624945
    ]
  ],
  "origin": [
    121.3844223022461,
    367.59539794921875
  ],
  "ratio_px_mm": 0.06280027068452795,
  "size_left": [
    4000,
    3000
  ],
  "size_right": [
    4000,
    3000
  ]
}