{
  "cam_id_left": 2,
  "cam_id_right": 3,
  "homo_left": [
    [
      6.123233995736766e-17,
      1.0,
      0.0
    ],
    [
      -1.0,
      6.123233995736766e-17,
      4016.141647338867
    ],
    [
      0.0,
      0.0,
      1.0
    ]
  ],
  "homo_right": [
    [
      -0.03109147957800151,
      -1.0063268583216096,
      5684.788196434666
    ],
    [
      1.0063268583216096,
      -0.03109147957800151,
      93.27443963015915
    ],
    [
      0.0,
      0.0,
      1.0
    ]
  ],
  "origin": [
    17.174968719482422,
    458.8167419433594
  ],
  "ratio_px_mm": 0.0643119913700802,
  "size_left": [
    4000,
    3000
  ],
  "size_right": [
    4000,
    3000
  ]
}