{
  "cam_id_left": 2,
  "cam_id_right": 3,
  "homo_left": [
    [
      6.123233995736766e-17,
      1.0,
      0.0
    ],
    [
      -1.0,
      6.123233995736766e-17,
      4021.544385910034
    ],
    [
      0.0,
      0.0,
      1.0
    ]
  ],
  "homo_right": [
    [
      -0.04572447188715521,
      -1.0043160926194195,
      5724.546994996298
    ],
    [
      1.0043160926194195,
      -0.04572447188715521,
      137.17341537350882
    ],
    [
      0.0,
      0.0,
      1.0
    ]
  ],
  "origin": [
    19.642860412597656,
    463.2156677246094
  ],
  "ratio_px_mm": 0.0642112119877074,
  "size_left": [
    4000,
    3000
  ],
  "size_right": [
    4000,
    3000
  ]
}