{
  "cam_id_left": 2,
  "cam_id_right": 3,
  "homo_left": [
    [
      6.123233995736766e-17,
      1.0,
      0.0
    ],
    [
      -1.0,
      6.123233995736766e-17,
      4091.7624893188477
    ],
    [
      0.0,
      0.0,
      1.0
    ]
  ],
  "homo_right": [
    [
      -0.017265250253699495,
      -1.0193071401953295,
      5694.7247404798345
    ],
    [
      1.0193071401953295,
      -0.017265250253699495,
      51.79574939066212
    ],
    [
      0.0,
      0.0,
      1.0
    ]
  ],
  "origin": [
    2.7445616722106934,
    530.6144409179688
  ],
  "ratio_px_mm": 0.06427814447384352,
  "size_left": [
    4000,
    3000
  ],
  "size_right": [
    4000,
    3000
  ]
}