{
  "cam_id_left": 2,
  "cam_id_right": 3,
  "homo_left": [
    [
      6.123233995736766e-17,
      1.0,
      0.0
    ],
    [
      -1.0,
      6.123233995736766e-17,
      4058.058177947998
    ],
    [
      0.0,
      0.0,
      1.0
    ]
  ],
  "homo_right": [
    [
      -0.05307601166411491,
      -1.0002863346693214,
      5801.903610374813
    ],
    [
      1.0002863346693214,
      -0.05307601166411491,
      159.2280361627205
    ],
    [
      0.0,
      0.0,
      1.0
    ]
  ],
  "origin": [
    22.322677612304688,
    499.4511413574219
  ],
  "ratio_px_mm": 0.06428333254862469,
  "size_left": [
    4000,
    3000
  ],
  "size_right": [
    4000,
    3000
  ]
}