{
  "cam_id_left": 2,
  "cam_id_right": 3,
  "homo_left": [
    [
      0.004495977514454095,
      1.0384250369646737,
      9.05321552480049e-07
    ],
    [
      -1.0133567974166975,
      0.001132354270875295,
      4163.052362738776
    ],
    [
      6.141376599713647e-06,
      6.676862911877265e-06,
      0.9754406349777451
    ]
  ],
  "homo_right": [
    [
      -0.03845715863514852,
      -1.056442011649552,
      5884.493989293551
    ],
    [
      0.9980723596001718,
      -0.022276422115091538,
      66.82927161917807
    ],
    [
      -7.727295339394641e-06,
      -1.0259291939633983e-05,
      1.0307676165269624
    ]
  ],
  "origin": [
    135.13551330566406,
    390.8547058105469
  ],
  "ratio_px_mm": 0.06303162160728766,
  "size_left": [
    4000,
    3000
  ],
  "size_right": [
    4000,
    3000
  ]
}