{
  "cam_id_left": 2,
  "cam_id_right": 3,
  "homo_left": [
    [
      6.123233995736766e-17,
      1.0,
      0.0
    ],
    [
      -1.0,
      6.123233995736766e-17,
      4061.683940887451
    ],
    [
      0.0,
      0.0,
      1.0
    ]
  ],
  "homo_right": [
    [
      -0.051582819185423893,
      -0.9986438365620537,
      5789.161402005681
    ],
    [
      0.9986438365620537,
      -0.051582819185423893,
      154.74845598055435
    ],
    [
      0.0,
      0.0,
      1.0
    ]
  ],
  "origin": [
    106.62503051757812,
    509.5559387207031
  ],
  "ratio_px_mm": 0.06440807812119351,
  "size_left": [
    4000,
    3000
  ],
  "size_right": [
    4000,
    3000
  ]
}