{
  "cam_id_left": 2,
  "cam_id_right": 3,
  "homo_left": [
    [
      0.002931411560840834,
      1.028313377568527,
      -5.478994573432764e-06
    ],
    [
      -1.0075142137548443,
      -0.0010090246895257489,
      4136.368412202228
    ],
    [
      5.178676415827288e-06,
      4.990432490551085e-06,
      0.9792904730131066
    ]
  ],
  "homo_right": [
    [
      -0.0314350905628956,
      -1.046165380175925,
      5858.761946463374
    ],
    [
      0.9976141060653813,
      -0.018866596747397303,
      56.599797639860924
    ],
    [
      -6.439628742270619e-06,
      -8.198938922678391e-06,
      1.0245886178291126
    ]
  ],
  "origin": [
    121.840087890625,
    366.64031982421875
  ],
  "ratio_px_mm": 0.06284672027919477,
  "size_left": [
    4000,
    3000
  ],
  "size_right": [
    4000,
    3000
  ]
}