{
  "cam_id_left": 2,
  "cam_id_right": 3,
  "homo_left": [
    [
      0.018518083451812165,
      1.02540911653071,
      1.6458956267035945e-06
    ],
    [
      -1.0081031112677057,
      0.013946291384938025,
      4046.8572808197046
    ],
    [
      4.515736043218621e-06,
      5.302729281508399e-06,
      0.9819415715631687
    ]
  ],
  "homo_right": [
    [
      -0.06296700096530301,
      -1.0336199252680023,
      5955.639992634666
    ],
    [
      0.9885884830540981,
      -0.0454142847730724,
      136.24285579100996
    ],
    [
      -6.966286037844555e-06,
      -6.6645846756460465e-06,
      1.0199870894422625
    ]
  ],
  "origin": [
    88.14012145996094,
    420.64471435546875
  ],
  "ratio_px_mm": 0.06350436141361546,
  "size_left": [
    4000,
    3000
  ],
  "size_right": [
    4000,
    3000
  ]
}