{
  "cam_id_left": 2,
  "cam_id_right": 3,
  "homo_left": [
    [
      0.0045016509782398,
      1.0355251007837465,
      -2.7838686518782195e-06
    ],
    [
      -1.0114105051118583,
      0.0004566324934580848,
      4155.58212327099
    ],
    [
      6.220932853180485e-06,
      6.263131098568443e-06,
      0.9751224895201313
    ]
  ],
  "homo_right": [
    [
      -0.038186529510496336,
      -1.0546599858958154,
      5872.804889705381
    ],
    [
      0.9966096861258643,
      -0.02241839804185518,
      67.25518013055552
    ],
    [
      -7.888375379913447e-06,
      -1.0375188134575267e-05,
      1.0311151892155912
    ]
  ],
  "origin": [
    23.96937370300293,
    391.6051330566406
  ],
  "ratio_px_mm": 0.06320953626792851,
  "size_left": [
    4000,
    3000
  ],
  "size_right": [
    4000,
    3000
  ]
}