{
  "cam_id_left": 2,
  "cam_id_right": 3,
  "homo_left": [
    [
      0.01849925804416083,
      1.0252553306463879,
      -2.3317243610534976e-06
    ],
    [
      -1.008039681870561,
      0.014043370110688689,
      4048.5617622418213
    ],
    [
      4.4874769392887604e-06,
      5.342458439529051e-06,
      0.9820545797197843
    ]
  ],
  "homo_right": [
    [
      -0.06703654134274865,
      -1.0356229391815386,
      5966.326067609975
    ],
    [
      0.9864936465634567,
      -0.04686067136913376,
      140.58202541477473
    ],
    [
      -7.744271500409508e-06,
      -7.08603563387908e-06,
      1.0212510208660033
    ]
  ],
  "origin": [
    88.88055419921875,
    423.1847839355469
  ],
  "ratio_px_mm": 0.06350922670555476,
  "size_left": [
    4000,
    3000
  ],
  "size_right": [
    4000,
    3000
  ]
}