{
  "cam_id_left": 2,
  "cam_id_right": 3,
  "homo_left": [
    [
      0.003779016152196529,
      1.0329930642194587,
      -8.233713934996354e-07
    ],
    [
      -1.0130732172317394,
      0.0020219737648435863,
      4121.291833691775
    ],
    [
      4.796128406831886e-06,
      6.06423636819338e-06,
      0.9808202825010793
    ]
  ],
  "homo_right": [
    [
      -0.03720734212505083,
      -1.05360626461413,
      5881.1841331100595
    ],
    [
      0.9972567433229304,
      -0.020985603747007007,
      62.95681436376923
    ],
    [
      -7.536490372168101e-06,
      -9.94070611024159e-06,
      1.0298121776246145
    ]
  ],
  "origin": [
    259.4581604003906,
    345.05645751953125
  ],
  "ratio_px_mm": 0.06303491545627089,
  "size_left": [
    4000,
    3000
  ],
  "size_right": [
    4000,
    3000
  ]
}