{
  "cam_id_left": 2,
  "cam_id_right": 3,
  "homo_left": [
    [
      6.123233995736766e-17,
      1.0,
      0.0
    ],
    [
      -1.0,
      6.123233995736766e-17,
      4048.7805786132812
    ],
    [
      0.0,
      0.0,
      1.0
    ]
  ],
  "homo_right": [
    [
      -0.03934485613485065,
      -1.0005346324675033,
      5778.642678523909
    ],
    [
      1.0005346324675033,
      -0.03934485613485065,
      118.03456866714995
    ],
    [
      0.0,
      0.0,
      1.0
    ]
  ],
  "origin": [
    83.65908813476562,
    486.2457580566406
  ],
  "ratio_px_mm": 0.06419301880230234,
  "size_left": [
    4000,
    3000
  ],
  "size_right": [
    4000,
    3000
  ]
}