{
  "cam_id_left": 2,
  "cam_id_right": 3,
  "homo_left": [
    [
      6.123233995736766e-17,
      1.0,
      0.0
    ],
    [
      -1.0,
      6.123233995736766e-17,
      4081.4025115966797
    ],
    [
      0.0,
      0.0,
      1.0
    ]
  ],
  "homo_right": [
    [
      -0.039995768736702665,
      -1.009066987857765,
      5778.553741463596
    ],
    [
      1.009066987857765,
      -0.039995768736702665,
      119.98731000640157
    ],
    [
      0.0,
      0.0,
      1.0
    ]
  ],
  "origin": [
    109.06932067871094,
    528.74609375
  ],
  "ratio_px_mm": 0.06446892308827888,
  "size_left": [
    4000,
    3000
  ],
  "size_right": [
    4000,
    3000
  ]
}