{
  "cam_id_left": 2,
  "cam_id_right": 3,
  "homo_left": [
    [
      0.0038992330553381813,
      1.0402704405415377,
      -5.866993720262165e-06
    ],
    [
      -1.0119485181970238,
      0.002863929301104812,
      4150.806881175509
    ],
    [
      5.8023088676096685e-06,
      7.558327682394371e-06,
      0.976796566838429
    ]
  ],
  "homo_right": [
    [
      -0.03699250216613252,
      -1.0495420258675603,
      5857.80351813843
    ],
    [
      0.9927246783758021,
      -0.021421238462108506,
      64.26372718632585
    ],
    [
      -7.774426108485667e-06,
      -9.666164127920693e-06,
      1.028988826219634
    ]
  ],
  "origin": [
    20.47555160522461,
    385.5470886230469
  ],
  "ratio_px_mm": 0.06307860106304089,
  "size_left": [
    4000,
    3000
  ],
  "size_right": [
    4000,
    3000
  ]
}