{
  "cam_id_left": 2,
  "cam_id_right": 3,
  "homo_left": [
    [
      0.004695518235825225,
      1.033085529648047,
      2.0869629546419864e-06
    ],
    [
      -1.009637630801459,
      0.0016101251025271454,
      4152.914146040912
    ],
    [
      6.021226045650255e-06,
      7.081450443277653e-06,
      0.9759211170434446
    ]
  ],
  "homo_right": [
    [
      -0.008351532249088682,
      -1.059580952891562,
      5860.8941300228535
    ],
    [
      1.0302018769153494,
      -0.022016238668324105,
      66.04872477310494
    ],
    [
      1.1669093550041055e-06,
      -9.83795962169981e-06,
      1.0295040409054776
    ]
  ],
  "origin": [
    23.6654052734375,
    394.6572570800781
  ],
  "ratio_px_mm": 0.0634446176656152,
  "size_left": [
    4000,
    3000
  ],
  "size_right": [
    4000,
    3000
  ]
}