{
  "cam_id_left": 0,
  "cam_id_right": 1,
  "homo_left": [
    [
      6.123233995736766e-17,
      1.0,
      0.0
    ],
    [
      -1.0,
      6.123233995736766e-17,
      4132.996002197266
    ],
    [
      0.0,
      0.0,
      1.0
    ]
  ],
  "homo_right": [
    [
      0.008772330798159598,
      -1.01628152313565,
      5614.753643746182
    ],
    [
      1.01628152313565,
      0.008772330798159598,
      7.443394821393667e-06
    ],
    [
      0.0,
      0.0,
      1.0
    ]
  ],
  "origin": [
    60.45973587036133,
    508.70721435546875
  ],
  "ratio_px_mm": 0.0643372854457907,
  "size_left": [
    4000,
    3000
  ],
  "size_right": [
    4000,
    3000
  ]
}