{
  "cam_id_left": 0,
  "cam_id_right": 1,
  "homo_left": [
    [
      6.123233995736766e-17,
      1.0,
      0.0
    ],
    [
      -1.0,
      6.123233995736766e-17,
      4000.0
    ],
    [
      0.0,
      0.0,
      1.0
    ]
  ],
  "homo_right": [
    [
      -0.012434221345250827,
      -1.0103951164155096,
      5669.149723744198
    ],
    [
      1.0103951164155096,
      -0.012434221345250827,
      74.82910239627813
    ],
    [
      0.0,
      0.0,
      1.0
    ]
  ],
  "origin": [
    93.58033752441406,
    455.287109375
  ],
  "ratio_px_mm": 0.06453925949154128,
  "size_left": [
    4000,
    3000
  ],
  "size_right": [
    4000,
    3000
  ]
}