{
  "cam_id_left": 0,
  "cam_id_right": 1,
  "homo_left": [
    [
      6.123233995736766e-17,
      1.0,
      0.0
    ],
    [
      -1.0,
      6.123233995736766e-17,
      4000.0
    ],
    [
      0.0,
      0.0,
      1.0
    ]
  ],
  "homo_right": [
    [
      -0.009901057543740686,
      -1.0088600514277017,
      5658.178786845436
    ],
    [
      1.0088600514277017,
      -0.009901057543740686,
      70.91706268562041
    ],
    [
      0.0,
      0.0,
      1.0
    ]
  ],
  "origin": [
    128.2212677001953,
    451.2814636230469
  ],
  "ratio_px_mm": 0.06403541860514907,
  "size_left": [
    4000,
    3000
  ],
  "size_right": [
    4000,
    3000
  ]
}