{
  "cam_id_left": 0,
  "cam_id_right": 1,
  "homo_left": [
    [
      -0.0023997866121611595,
      1.0197385490124835,
      9.59914118265426
    ],
    [
      -1.021614738282833,
      0.0038276649003371336,
      4178.023968326247
    ],
    [
      -4.395080135327837e-06,
      1.294013442160659e-06,
      1.017575925461176
    ]
  ],
  "homo_right": [
    [
      0.04111342123261289,
      -1.0314936290053929,
      5588.280827254633
    ],
    [
      1.0320997531614031,
      0.010684894637252298,
      -9.429292434232436e-06
    ],
    [
      6.543872642483861e-06,
      -9.561132704544608e-07,
      1.002867383698093
    ]
  ],
  "origin": [
    95.69755554199219,
    469.7644348144531
  ],
  "ratio_px_mm": 0.06439050517774603,
  "size_left": [
    4000,
    3000
  ],
  "size_right": [
    4000,
    3000
  ]
}