{
  "cam_id_left": 0,
  "cam_id_right": 1,
  "homo_left": [
    [
      -0.0031648409874301697,
      0.9958951193999319,
      12.659367691962053
    ],
    [
      -1.0179505303343843,
      -0.015584900256762436,
      4190.3246587394415
    ],
    [
      -4.852772226346352e-06,
      -7.45566973250945e-06,
      1.019406236133159
    ]
  ],
  "homo_right": [
    [
      0.03794737694433734,
      -1.039254511169446,
      5064.930514907829
    ],
    [
      1.0404518280986417,
      0.009045113927650148,
      -9.258207094854014e-06
    ],
    [
      6.472439316640171e-06,
      -5.410319047698129e-07,
      1.0016225546824047
    ]
  ],
  "origin": [
    9.849005699157715,
    392.9648132324219
  ],
  "ratio_px_mm": 0.0639545902780106,
  "size_left": [
    4000,
    3000
  ],
  "size_right": [
    4000,
    3000
  ]
}