{
  "cam_id_left": 0,
  "cam_id_right": 1,
  "homo_left": [
    [
      6.123233995736766e-17,
      1.0,
      0.0
    ],
    [
      -1.0,
      6.123233995736766e-17,
      4113.859474182129
    ],
    [
      0.0,
      0.0,
      1.0
    ]
  ],
  "homo_right": [
    [
      0.005367694362909852,
      -1.010426212434035,
      5614.566492159194
    ],
    [
      1.010426212434035,
      0.005367694362909852,
      -5.136965768315349e-07
    ],
    [
      0.0,
      0.0,
      1.0
    ]
  ],
  "origin": [
    88.31105041503906,
    491.9356994628906
  ],
  "ratio_px_mm": 0.06434102924537369,
  "size_left": [
    4000,
    3000
  ],
  "size_right": [
    4000,
    3000
  ]
}