{
  "cam_id_left": 0,
  "cam_id_right": 1,
  "homo_left": [
    [
      6.123233995736766e-17,
      1.0,
      0.0
    ],
    [
      -1.0,
      6.123233995736766e-17,
      4115.154724121094
    ],
    [
      0.0,
      0.0,
      1.0
    ]
  ],
  "homo_right": [
    [
      0.010108396521598215,
      -1.0067715698068236,
      5591.438425865284
    ],
    [
      1.0067715698068236,
      0.010108396521598215,
      3.0288836256886498e-06
    ],
    [
      0.0,
      0.0,
      1.0
    ]
  ],
  "origin": [
    71.6882553100586,
    492.2644348144531
  ],
  "ratio_px_mm": 0.06435400149513956,
  "size_left": [
    4000,
    3000
  ],
  "size_right": [
    4000,
    3000
  ]
}