{
  "cam_id_left": 0,
  "cam_id_right": 1,
  "homo_left": [
    [
      6.123233995736766e-17,
      1.0,
      0.0
    ],
    [
      -1.0,
      6.123233995736766e-17,
      4114.379936218262
    ],
    [
      0.0,
      0.0,
      1.0
    ]
  ],
  "homo_right": [
    [
      -0.03168376969063779,
      -1.0123134800396763,
      5669.272647495103
    ],
    [
      1.0123134800396763,
      -0.03168376969063779,
      95.05131116994639
    ],
    [
      0.0,
      0.0,
      1.0
    ]
  ],
  "origin": [
    105.9974136352539,
    484.9439697265625
  ],
  "ratio_px_mm": 0.06383994806124915,
  "size_left": [
    4000,
    3000
  ],
  "size_right": [
    4000,
    3000
  ]
}