{
  "cam_id_left": 0,
  "cam_id_right": 1,
  "homo_left": [
    [
      -0.002204131999102601,
      1.025572797424503,
      8.81653005552826
    ],
    [
      -1.0263168352585745,
      0.00868859099657379,
      4170.358011622695
    ],
    [
      -4.295957156748213e-06,
      3.1908403897875186e-06,
      1.017179532669836
    ]
  ],
  "homo_right": [
    [
      0.03955981555938128,
      -1.0319160594341157,
      5672.380113165009
    ],
    [
      1.030314117832976,
      0.007264650261343098,
      -1.5044780997016137e-05
    ],
    [
      6.1000746651072955e-06,
      -1.4124614116229592e-06,
      1.0042359717734572
    ]
  ],
  "origin": [
    212.94012451171875,
    383.9209899902344
  ],
  "ratio_px_mm": 0.06383948691506122,
  "size_left": [
    4000,
    3000
  ],
  "size_right": [
    4000,
    3000
  ]
}