{
  "cam_id_left": 0,
  "cam_id_right": 1,
  "homo_left": [
    [
      -0.0025452565072280223,
      1.021394031719744,
      10.181020196007458
    ],
    [
      -1.0237499921555333,
      0.003778675695308416,
      4187.468101476581
    ],
    [
      -5.154403372968816e-06,
      9.108183607724619e-07,
      1.0206124590885024
    ]
  ],
  "homo_right": [
    [
      0.04187458281310102,
      -1.0304540129791835,
      5582.238040716399
    ],
    [
      1.032590915171203,
      0.011036702913118446,
      1.2622304439085583e-05
    ],
    [
      6.64227480023089e-06,
      -4.4090498375913534e-07,
      1.0013222740462937
    ]
  ],
  "origin": [
    98.50945281982422,
    480.0743713378906
  ],
  "ratio_px_mm": 0.06445181006587473,
  "size_left": [
    4000,
    3000
  ],
  "size_right": [
    4000,
    3000
  ]
}