{
  "cam_id_left": 0,
  "cam_id_right": 1,
  "homo_left": [
    [
      -0.002410030073666465,
      1.0200255757556762,
      9.640112897833307
    ],
    [
      -1.021909344430236,
      0.003748893828049153,
      4178.457116314854
    ],
    [
      -4.451728212829337e-06,
      1.3250566529485705e-06,
      1.0178024611231045
    ]
  ],
  "homo_right": [
    [
      0.04069416858958622,
      -1.030152203144379,
      5584.953588073102
    ],
    [
      1.0311673594309974,
      0.010382614879428733,
      6.0513596669397045e-06
    ],
    [
      6.29733521290571e-06,
      -7.545787365007069e-07,
      1.0022629816307655
    ]
  ],
  "origin": [
    94.98822784423828,
    466.1644287109375
  ],
  "ratio_px_mm": 0.06438058915806134,
  "size_left": [
    4000,
    3000
  ],
  "size_right": [
    4000,
    3000
  ]
}