{
  "cam_id_left": 0,
  "cam_id_right": 1,
  "homo_left": [
    [
      6.123233995736766e-17,
      1.0,
      0.0
    ],
    [
      -1.0,
      6.123233995736766e-17,
      4125.078414916992
    ],
    [
      0.0,
      0.0,
      1.0
    ]
  ],
  "homo_right": [
    [
      0.004076287280449853,
      -1.0164186200227319,
      5637.152208267971
    ],
    [
      1.0164186200227319,
      0.004076287280449853,
      1.1674934370375922e-06
    ],
    [
      0.0,
      0.0,
      1.0
    ]
  ],
  "origin": [
    80.35420227050781,
    496.6258239746094
  ],
  "ratio_px_mm": 0.06432069749241581,
  "size_left": [
    4000,
    3000
  ],
  "size_right": [
    4000,
    3000
  ]
}