{
  "cam_id_left": 0,
  "cam_id_right": 1,
  "homo_left": [
    [
      -0.002157169808550057,
      1.0248377573834184,
      8.628678121426821
    ],
    [
      -1.025706570048163,
      0.008417942943773345,
      4173.121123637944
    ],
    [
      -4.3059123834333965e-06,
      2.977613902023199e-06,
      1.0172193436213501
    ]
  ],
  "homo_right": [
    [
      0.04054934662529286,
      -1.03004350590314,
      5663.050193729616
    ],
    [
      1.0303095410917433,
      0.009502513253146565,
      4.807653690365628e-07
    ],
    [
      6.329506113218426e-06,
      -8.108923613765595e-07,
      1.0024318661917684
    ]
  ],
  "origin": [
    200.3167266845703,
    388.8434753417969
  ],
  "ratio_px_mm": 0.06389078194084145,
  "size_left": [
    4000,
    3000
  ],
  "size_right": [
    4000,
    3000
  ]
}