{
  "cam_id_left": 0,
  "cam_id_right": 1,
  "homo_left": [
    [
      -0.0022154118077284644,
      1.026378724685256,
      8.861632060407983
    ],
    [
      -1.0271373893741333,
      0.008676589107475182,
      4174.210277682934
    ],
    [
      -4.4202360529778855e-06,
      3.3008459777586472e-06,
      1.0176765239758585
    ]
  ],
  "homo_right": [
    [
      0.04000817701939584,
      -1.0321632914676093,
      5674.114647410214
    ],
    [
      1.0304491714037305,
      0.00812179299655866,
      3.8146827051075896e-06
    ],
    [
      6.175173745034501e-06,
      -1.4618293598416352e-06,
      1.004384026250165
    ]
  ],
  "origin": [
    213.44630432128906,
    383.95166015625
  ],
  "ratio_px_mm": 0.06381371049618172,
  "size_left": [
    4000,
    3000
  ],
  "size_right": [
    4000,
    3000
  ]
}