{
  "cam_id_left": 0,
  "cam_id_right": 1,
  "homo_left": [
    [
      -0.002610660297998594,
      1.0233997241442196,
      10.44264588980266
    ],
    [
      -1.0252328491763962,
      0.003602885069573692,
      4199.257279654883
    ],
    [
      -4.327170772813482e-06,
      1.3680710182492216e-06,
      1.017304355920481
    ]
  ],
  "homo_right": [
    [
      0.041821125955198615,
      -1.0529763731828998,
      5319.730572759664
    ],
    [
      1.042511081951037,
      0.0016912860844556902,
      6.78959805589637e-06
    ],
    [
      6.701463039416171e-06,
      -4.991755029792462e-06,
      1.0149702733343475
    ]
  ],
  "origin": [
    96.08869171142578,
    469.975830078125
  ],
  "ratio_px_mm": 0.06413127466742516,
  "size_left": [
    4000,
    3000
  ],
  "size_right": [
    4000,
    3000
  ]
}