{
  "cam_id_left": 0,
  "cam_id_right": 1,
  "homo_left": [
    [
      -0.003203945408160723,
      1.022632139540218,
      12.815777041601537
    ],
    [
      -1.0243138320669096,
      0.0039000011883441104,
      4196.114146630253
    ],
    [
      -4.033570542257827e-06,
      1.3464849024407098e-06,
      1.016130248598489
    ]
  ],
  "homo_right": [
    [
      0.0419680512230431,
      -1.055690546813142,
      5329.820990584668
    ],
    [
      1.0430754938633446,
      0.0010159905178458942,
      -3.1234978238642617e-06
    ],
    [
      6.505728834614203e-06,
      -5.480127119715071e-06,
      1.0164349012320255
    ]
  ],
  "origin": [
    93.16766357421875,
    466.75946044921875
  ],
  "ratio_px_mm": 0.06409873542188031,
  "size_left": [
    4000,
    3000
  ],
  "size_right": [
    4000,
    3000
  ]
}