{
  "cam_id_left": 0,
  "cam_id_right": 1,
  "homo_left": [
    [
      -0.0023542283710461073,
      1.0202551277582483,
      9.416919391803605
    ],
    [
      -1.021689574379572,
      0.005546007292305709,
      4164.844274531523
    ],
    [
      -4.374409469371773e-06,
      1.5451522296797313e-06,
      1.0174932634680178
    ]
  ],
  "homo_right": [
    [
      0.04009488438945191,
      -1.025603092068718,
      5634.092083033991
    ],
    [
      1.0279072677606649,
      0.010499556000364672,
      2.5492185943837834e-06
    ],
    [
      6.2880001808669e-06,
      -9.544462774108079e-08,
      1.0002862384385955
    ]
  ],
  "origin": [
    102.49848937988281,
    386.75372314453125
  ],
  "ratio_px_mm": 0.06390390046812973,
  "size_left": [
    4000,
    3000
  ],
  "size_right": [
    4000,
    3000
  ]
}