{
  "cam_id_left": 0,
  "cam_id_right": 1,
  "homo_left": [
    [
      6.123233995736766e-17,
      1.0,
      0.0
    ],
    [
      -1.0,
      6.123233995736766e-17,
      4000.0
    ],
    [
      0.0,
      0.0,
      1.0
    ]
  ],
  "homo_right": [
    [
      -0.0034835072922595875,
      -1.009663343430592,
      5645.244730720932
    ],
    [
      1.009663343430592,
      -0.0034835072922595875,
      53.33510633446649
    ],
    [
      0.0,
      0.0,
      1.0
    ]
  ],
  "origin": [
    105.93321990966797,
    448.7303161621094
  ],
  "ratio_px_mm": 0.06417239415801285,
  "size_left": [
    4000,
    3000
  ],
  "size_right": [
    4000,
    3000
  ]
}