{
  "cam_id_left": 0,
  "cam_id_right": 1,
  "homo_left": [
    [
      6.123233995736766e-17,
      1.0,
      0.0
    ],
    [
      -1.0,
      6.123233995736766e-17,
      4000.0
    ],
    [
      0.0,
      0.0,
      1.0
    ]
  ],
  "homo_right": [
    [
      -0.013993618652680239,
      -1.0117478546421155,
      5656.984535902873
    ],
    [
      1.0117478546421155,
      -0.013993618652680239,
      61.97117792430512
    ],
    [
      0.0,
      0.0,
      1.0
    ]
  ],
  "origin": [
    86.58794403076172,
    436.2340087890625
  ],
  "ratio_px_mm": 0.06432414079229765,
  "size_left": [
    4000,
    3000
  ],
  "size_right": [
    4000,
    3000
  ]
}