{
  "cam_id_left": 0,
  "cam_id_right": 1,
  "homo_left": [
    [
      -0.053632303793804605,
      1.0340990503808583,
      214.5292167926702
    ],
    [
      -1.0378698131684543,
      -0.03986850117076101,
      4271.08474704284
    ],
    [
      -7.443287627638453e-06,
      2.181090551260253e-06,
      1.0297657072229263
    ]
  ],
  "homo_right": [
    [
      0.0502941816796541,
      -1.0130576026849283,
      5976.353459669464
    ],
    [
      1.0343890050943052,
      0.01851963923153879,
      23.629486617494326
    ],
    [
      7.947282592483877e-06,
      3.038908534462815e-06,
      0.990886313305146
    ]
  ],
  "origin": [
    272.7430419921875,
    538.0042724609375
  ],
  "ratio_px_mm": 0.06393062884609864,
  "size_left": [
    4000,
    3000
  ],
  "size_right": [
    4000,
    3000
  ]
}