{
  "cam_id_left": 0,
  "cam_id_right": 1,
  "homo_left": [
    [
      6.123233995736766e-17,
      1.0,
      0.0
    ],
    [
      -1.0,
      6.123233995736766e-17,
      4048.724235534668
    ],
    [
      0.0,
      0.0,
      1.0
    ]
  ],
  "homo_right": [
    [
      -0.0034634960806587214,
      -1.0357663863202864,
      5703.738588948969
    ],
    [
      1.0357663863202864,
      -0.0034634960806587214,
      10.390487930740456
    ],
    [
      0.0,
      0.0,
      1.0
    ]
  ],
  "origin": [
    82.70596313476562,
    496.0425720214844
  ],
  "ratio_px_mm": 0.06458712540577263,
  "size_left": [
    4000,
    3000
  ],
  "size_right": [
    4000,
    3000
  ]
}