{
  "cam_id_left": 0,
  "cam_id_right": 1,
  "homo_left": [
    [
      6.123233995736766e-17,
      1.0,
      0.0
    ],
    [
      -1.0,
      6.123233995736766e-17,
      4132.065811157227
    ],
    [
      0.0,
      0.0,
      1.0
    ]
  ],
  "homo_right": [
    [
      0.02078095972896883,
      -1.003265311890754,
      5535.827597971824
    ],
    [
      1.003265311890754,
      0.02078095972896883,
      6.689695737804868e-06
    ],
    [
      0.0,
      0.0,
      1.0
    ]
  ],
  "origin": [
    87.24500274658203,
    504.5295715332031
  ],
  "ratio_px_mm": 0.06424533092347409,
  "size_left": [
    4000,
    3000
  ],
  "size_right": [
    4000,
    3000
  ]
}