{
  "cam_id_left": 0,
  "cam_id_right": 1,
  "homo_left": [
    [
      -0.0023345008255959946,
      1.0238394490203861,
      9.338010021512178
    ],
    [
      -1.0249379567806367,
      0.008607749897418667,
      4166.441352559149
    ],
    [
      -4.200916076058212e-06,
      2.963609532249022e-06,
      1.0167994633881567
    ]
  ],
  "homo_right": [
    [
      0.04060991540095247,
      -1.0315211027782882,
      5669.107578610944
    ],
    [
      1.0304701532108664,
      0.008023190745547379,
      9.601818248778743e-06
    ],
    [
      6.364496937320363e-06,
      -1.3137575992206219e-06,
      1.0039399590400626
    ]
  ],
  "origin": [
    102.86486053466797,
    384.75360107421875
  ],
  "ratio_px_mm": 0.06393173360922921,
  "size_left": [
    4000,
    3000
  ],
  "size_right": [
    4000,
    3000
  ]
}