{
  "cam_id_left": 0,
  "cam_id_right": 1,
  "homo_left": [
    [
      6.123233995736766e-17,
      1.0,
      0.0
    ],
    [
      -1.0,
      6.123233995736766e-17,
      4000.0
    ],
    [
      0.0,
      0.0,
      1.0
    ]
  ],
  "homo_right": [
    [
      -0.013762740350597057,
      -1.0119086935799702,
      5651.232374341738
    ],
    [
      1.0119086935799702,
      -0.013762740350597057,
      61.34410037937367
    ],
    [
      0.0,
      0.0,
      1.0
    ]
  ],
  "origin": [
    84.58597564697266,
    440.90496826171875
  ],
  "ratio_px_mm": 0.06437107008558496,
  "size_left": [
    4000,
    3000
  ],
  "size_right": [
    4000,
    3000
  ]
}