{
  "cam_id_left": 0,
  "cam_id_right": 1,
  "homo_left": [
    [
      -0.0028194892568029588,
      1.022004082229144,
      11.277953306319862
    ],
    [
      -1.0239331472553361,
      0.004786239379287251,
      4186.33156180237
    ],
    [
      -4.7134027365006535e-06,
      1.6819469717258452e-06,
      1.0188488975432661
    ]
  ],
  "homo_right": [
    [
      0.04064364677003212,
      -1.0309154428094278,
      5589.602482728629
    ],
    [
      1.0322645668862198,
      0.01051891222612054,
      6.558368662556057e-06
    ],
    [
      6.30584237214753e-06,
      -6.270142384903489e-07,
      1.0018804157012327
    ]
  ],
  "origin": [
    96.75349426269531,
    463.6236572265625
  ],
  "ratio_px_mm": 0.06429489231370766,
  "size_left": [
    4000,
    3000
  ],
  "size_right": [
    4000,
    3000
  ]
}