{
  "cam_id_left": 0,
  "cam_id_right": 1,
  "homo_left": [
    [
      -0.0020301305871496837,
      1.0251388210396186,
      8.120510109616733
    ],
    [
      -1.0258940261164193,
      0.008202580692025147,
      4167.070832100042
    ],
    [
      -4.288045829111701e-06,
      3.1245357623091156e-06,
      1.0171478952706177
    ]
  ],
  "homo_right": [
    [
      0.039078917279733456,
      -1.0238350529543805,
      5754.140957336593
    ],
    [
      1.026791031900163,
      0.010756267249108605,
      3.060785791875895e-06
    ],
    [
      5.86727479058454e-06,
      1.2341092273223023e-07,
      0.999629890642726
    ]
  ],
  "origin": [
    212.98634338378906,
    382.4536437988281
  ],
  "ratio_px_mm": 0.06375354259476777,
  "size_left": [
    4000,
    3000
  ],
  "size_right": [
    4000,
    3000
  ]
}